{"v":"5.6.3","fr":24,"ip":0,"op":75,"w":1000,"h":1000,"nm":"step one","ddd":0,"assets":[],"fonts":{"list":[{"fName":"Lato-Heavy","fFamily":"Lato","fStyle":"Heavy","ascent":74.6490478515625}]},"layers":[{"ddd":0,"ind":1,"ty":4,"nm":"ADD","sr":1,"ks":{"o":{"a":0,"k":100,"ix":11},"r":{"a":1,"k":[{"i":{"x":[0.142],"y":[1]},"o":{"x":[0.858],"y":[0]},"t":3,"s":[-360]},{"i":{"x":[0.142],"y":[1]},"o":{"x":[0.858],"y":[0]},"t":33,"s":[0]},{"t":69,"s":[360]}],"ix":10},"p":{"a":0,"k":[331.022,334.157,0],"ix":2},"a":{"a":0,"k":[-229.438,165.533,0],"ix":1},"s":{"a":1,"k":[{"i":{"x":[0.344,0.344,0.344],"y":[1,1,1]},"o":{"x":[0.656,0.656,0.656],"y":[0,0,0]},"t":3,"s":[0,0,100]},{"i":{"x":[0.344,0.344,0.344],"y":[1,1,1]},"o":{"x":[0.656,0.656,0.656],"y":[0,0,0]},"t":31,"s":[78,78,100]},{"t":69,"s":[0,0,100]}],"ix":6}},"ao":0,"shapes":[{"ty":"gr","it":[{"ind":0,"ty":"sh","ix":1,"ks":{"a":0,"k":{"i":[[0,0],[0,0]],"o":[[0,0],[0,0]],"v":[[-218.109,166.438],[-241.25,166.312]],"c":false},"ix":2},"nm":"Path 1","mn":"ADBE Vector Shape - Group","hd":false},{"ty":"st","c":{"a":0,"k":[0.250980392157,0.341176470588,0.635294117647,1],"ix":3},"o":{"a":0,"k":100,"ix":4},"w":{"a":0,"k":7,"ix":5},"lc":1,"lj":1,"ml":4,"bm":0,"nm":"Stroke 1","mn":"ADBE Vector Graphic - Stroke","hd":false},{"ty":"tr","p":{"a":0,"k":[0.25,-0.75],"ix":2},"a":{"a":0,"k":[0,0],"ix":1},"s":{"a":0,"k":[100,100],"ix":3},"r":{"a":0,"k":0,"ix":6},"o":{"a":0,"k":100,"ix":7},"sk":{"a":0,"k":0,"ix":4},"sa":{"a":0,"k":0,"ix":5},"nm":"Transform"}],"nm":"Shape 2","np":3,"cix":2,"bm":0,"ix":1,"mn":"ADBE Vector Group","hd":false},{"ty":"gr","it":[{"ind":0,"ty":"sh","ix":1,"ks":{"a":0,"k":{"i":[[0,0],[0,0]],"o":[[0,0],[0,0]],"v":[[-229.75,154.5],[-229.75,177.875]],"c":false},"ix":2},"nm":"Path 1","mn":"ADBE Vector Shape - Group","hd":false},{"ty":"st","c":{"a":0,"k":[0.250980392157,0.341176470588,0.635294117647,1],"ix":3},"o":{"a":0,"k":100,"ix":4},"w":{"a":0,"k":7,"ix":5},"lc":1,"lj":1,"ml":4,"bm":0,"nm":"Stroke 1","mn":"ADBE Vector Graphic - Stroke","hd":false},{"ty":"tr","p":{"a":0,"k":[0.25,-0.75],"ix":2},"a":{"a":0,"k":[0,0],"ix":1},"s":{"a":0,"k":[100,100],"ix":3},"r":{"a":0,"k":0,"ix":6},"o":{"a":0,"k":100,"ix":7},"sk":{"a":0,"k":0,"ix":4},"sa":{"a":0,"k":0,"ix":5},"nm":"Transform"}],"nm":"Shape 1","np":3,"cix":2,"bm":0,"ix":2,"mn":"ADBE Vector Group","hd":false},{"ty":"gr","it":[{"d":1,"ty":"el","s":{"a":0,"k":[50.984,50.984],"ix":2},"p":{"a":0,"k":[0,0],"ix":3},"nm":"Ellipse Path 1","mn":"ADBE Vector Shape - Ellipse","hd":false},{"ty":"st","c":{"a":0,"k":[0.250980392157,0.341176470588,0.635294117647,1],"ix":3},"o":{"a":0,"k":100,"ix":4},"w":{"a":0,"k":7,"ix":5},"lc":1,"lj":1,"ml":4,"bm":0,"nm":"Stroke 1","mn":"ADBE Vector Graphic - Stroke","hd":false},{"ty":"tr","p":{"a":0,"k":[-229.438,165.533],"ix":2},"a":{"a":0,"k":[0,0],"ix":1},"s":{"a":0,"k":[100,100],"ix":3},"r":{"a":0,"k":0,"ix":6},"o":{"a":0,"k":100,"ix":7},"sk":{"a":0,"k":0,"ix":4},"sa":{"a":0,"k":0,"ix":5},"nm":"Transform"}],"nm":"Ellipse 1","np":3,"cix":2,"bm":0,"ix":3,"mn":"ADBE Vector Group","hd":false}],"ip":0,"op":240,"st":0,"bm":0},{"ddd":0,"ind":2,"ty":4,"nm":"squiggle","sr":1,"ks":{"o":{"a":0,"k":100,"ix":11},"r":{"a":0,"k":0,"ix":10},"p":{"a":0,"k":[319.507,414.197,0],"ix":2},"a":{"a":0,"k":[-2208.493,-89.803,0],"ix":1},"s":{"a":0,"k":[100,100,100],"ix":6}},"ao":0,"shapes":[{"ty":"gr","it":[{"ind":0,"ty":"sh","ix":1,"ks":{"a":0,"k":{"i":[[0,0],[-35,16],[-33.38,25.035],[-24.409,13.823],[-21.176,12.513],[-28.77,19.26],[0,0]],"o":[[0,0],[30.109,-13.764],[28,-21],[25.457,-14.416],[22,-13],[27.234,-18.232],[0,0]],"v":[[-2384.5,12.5],[-2361.5,-45.5],[-2266.5,-41.5],[-2219.091,-113.323],[-2130.5,-117.5],[-2083.734,-185.268],[-2030.5,-179.5]],"c":false},"ix":2},"nm":"Path 1","mn":"ADBE Vector Shape - Group","hd":false},{"ty":"st","c":{"a":0,"k":[0.533333361149,0.870588243008,0.949019610882,1],"ix":3},"o":{"a":0,"k":100,"ix":4},"w":{"a":0,"k":33,"ix":5},"lc":2,"lj":1,"ml":10,"bm":0,"nm":"Stroke 1","mn":"ADBE Vector Graphic - Stroke","hd":false},{"ty":"tr","p":{"a":0,"k":[0,0],"ix":2},"a":{"a":0,"k":[0,0],"ix":1},"s":{"a":0,"k":[100,100],"ix":3},"r":{"a":0,"k":0,"ix":6},"o":{"a":0,"k":100,"ix":7},"sk":{"a":0,"k":0,"ix":4},"sa":{"a":0,"k":0,"ix":5},"nm":"Transform"}],"nm":"Group 1","np":2,"cix":2,"bm":0,"ix":1,"mn":"ADBE Vector Group","hd":false},{"ty":"tm","s":{"a":1,"k":[{"i":{"x":[0.833],"y":[0.833]},"o":{"x":[0.167],"y":[0.167]},"t":50,"s":[0]},{"t":67,"s":[100]}],"ix":1},"e":{"a":1,"k":[{"i":{"x":[0.833],"y":[0.833]},"o":{"x":[0.167],"y":[0.167]},"t":32,"s":[0]},{"t":50,"s":[100]}],"ix":2},"o":{"a":0,"k":0,"ix":3},"m":1,"ix":2,"nm":"Trim Paths 1","mn":"ADBE Vector Filter - Trim","hd":false}],"ip":0,"op":240,"st":0,"bm":0},{"ddd":0,"ind":3,"ty":4,"nm":"arrow","sr":1,"ks":{"o":{"a":0,"k":100,"ix":11},"r":{"a":0,"k":0,"ix":10},"p":{"a":1,"k":[{"i":{"x":0.247,"y":1},"o":{"x":0.753,"y":0},"t":0,"s":[720.416,658.947,0],"to":[0,0,0],"ti":[0,0,0]},{"i":{"x":0.247,"y":0.247},"o":{"x":0.391,"y":0.391},"t":31,"s":[669.416,561.947,0],"to":[0,0,0],"ti":[0,0,0]},{"i":{"x":0.166,"y":1},"o":{"x":0.753,"y":0},"t":39,"s":[669.416,561.947,0],"to":[0,0,0],"ti":[0,0,0]},{"t":75,"s":[720.416,658.947,0]}],"ix":2},"a":{"a":0,"k":[-1844.584,77.947,0],"ix":1},"s":{"a":1,"k":[{"i":{"x":[0.247,0.247,0.247],"y":[1,1,1]},"o":{"x":[0.753,0.753,0.753],"y":[0,0,0]},"t":27,"s":[100,100,100]},{"i":{"x":[0.247,0.247,0.247],"y":[1,1,1]},"o":{"x":[0.753,0.753,0.753],"y":[0,0,0]},"t":35,"s":[87,87,100]},{"t":43,"s":[100,100,100]}],"ix":6}},"ao":0,"shapes":[{"ty":"gr","it":[{"ind":0,"ty":"sh","ix":1,"ks":{"a":0,"k":{"i":[[0,0],[0,0],[0,0],[0,0]],"o":[[0,0],[0,0],[0,0],[0,0]],"v":[[-1844.584,77.947],[-1731.401,162.688],[-1796.647,172.396],[-1843,219.329]],"c":true},"ix":2},"nm":"Path 1","mn":"ADBE Vector Shape - Group","hd":false},{"ty":"fl","c":{"a":0,"k":[1,0.945098042488,0.898039221764,1],"ix":4},"o":{"a":0,"k":100,"ix":5},"r":1,"bm":0,"nm":"Fill 1","mn":"ADBE Vector Graphic - Fill","hd":false},{"ty":"tr","p":{"a":0,"k":[0,0],"ix":2},"a":{"a":0,"k":[0,0],"ix":1},"s":{"a":0,"k":[100,100],"ix":3},"r":{"a":0,"k":0,"ix":6},"o":{"a":0,"k":100,"ix":7},"sk":{"a":0,"k":0,"ix":4},"sa":{"a":0,"k":0,"ix":5},"nm":"Transform"}],"nm":"Group 1","np":2,"cix":2,"bm":0,"ix":1,"mn":"ADBE Vector Group","hd":false}],"ip":0,"op":240,"st":0,"bm":0},{"ddd":0,"ind":4,"ty":5,"nm":"order","parent":5,"sr":1,"ks":{"o":{"a":0,"k":100,"ix":11},"r":{"a":0,"k":0,"ix":10},"p":{"a":0,"k":[-2039.641,-0.45,0],"ix":2},"a":{"a":0,"k":[1.746,-26.568,0],"ix":1},"s":{"a":0,"k":[100,100,100],"ix":6}},"ao":0,"t":{"d":{"k":[{"s":{"s":72,"f":"Lato-Heavy","t":"ORDER","j":2,"tr":200,"lh":86.4,"ls":0,"fc":[0.58,0.58,0.58]},"t":0}]},"p":{},"m":{"g":1,"a":{"a":0,"k":[0,0],"ix":2}},"a":[{"nm":"Animator 1","s":{"t":0,"xe":{"a":0,"k":0,"ix":7},"ne":{"a":0,"k":0,"ix":8},"a":{"a":0,"k":100,"ix":4},"b":1,"rn":0,"sh":1,"r":1},"a":{"fc":{"a":1,"k":[{"i":{"x":[0.491],"y":[1]},"o":{"x":[0.509],"y":[0]},"t":29,"s":[1,1,1,1]},{"i":{"x":[0.491],"y":[1]},"o":{"x":[0.509],"y":[0]},"t":37,"s":[0.941176474094,0.337254911661,0.180392161012,1]},{"t":45,"s":[1,1,1,1]}],"ix":12}}}]},"ip":0,"op":240,"st":0,"bm":0},{"ddd":0,"ind":5,"ty":4,"nm":"button","sr":1,"ks":{"o":{"a":0,"k":100,"ix":11},"r":{"a":0,"k":0,"ix":10},"p":{"a":0,"k":[500,500,0],"ix":2},"a":{"a":0,"k":[-2040,0,0],"ix":1},"s":{"a":1,"k":[{"i":{"x":[0.449,0.449,0.449],"y":[1,1,1]},"o":{"x":[0.551,0.551,0.551],"y":[0,0,0]},"t":29,"s":[100,100,100]},{"i":{"x":[0.449,0.449,0.449],"y":[1,1,1]},"o":{"x":[0.551,0.551,0.551],"y":[0,0,0]},"t":37,"s":[93,93,100]},{"t":45,"s":[100,100,100]}],"ix":6}},"ao":0,"shapes":[{"ty":"gr","it":[{"ind":0,"ty":"sh","ix":1,"ks":{"a":0,"k":{"i":[[3.85,0],[0,0],[0,3.85],[0,0],[-3.85,0],[0,0],[0,-3.85],[0,0]],"o":[[0,0],[-3.85,0],[0,0],[0,-3.85],[0,0],[3.85,0],[0,0],[0,3.85]],"v":[[-1778.5,102.5],[-2301.5,102.5],[-2308.5,95.5],[-2308.5,-95.5],[-2301.5,-102.5],[-1778.5,-102.5],[-1771.5,-95.5],[-1771.5,95.5]],"c":true},"ix":2},"nm":"Path 1","mn":"ADBE Vector Shape - Group","hd":false},{"ty":"fl","c":{"a":1,"k":[{"i":{"x":[0.449],"y":[1]},"o":{"x":[0.551],"y":[0]},"t":29,"s":[0.941176474094,0.337254911661,0.180392161012,1]},{"i":{"x":[0.449],"y":[1]},"o":{"x":[0.551],"y":[0]},"t":37,"s":[1,0.772549033165,0.68235296011,1]},{"t":45,"s":[0.941176474094,0.337254911661,0.180392161012,1]}],"ix":4},"o":{"a":0,"k":100,"ix":5},"r":1,"bm":0,"nm":"Fill 1","mn":"ADBE Vector Graphic - Fill","hd":false},{"ty":"tr","p":{"a":0,"k":[0,0],"ix":2},"a":{"a":0,"k":[0,0],"ix":1},"s":{"a":0,"k":[100,100],"ix":3},"r":{"a":0,"k":0,"ix":6},"o":{"a":0,"k":100,"ix":7},"sk":{"a":0,"k":0,"ix":4},"sa":{"a":0,"k":0,"ix":5},"nm":"Transform"}],"nm":"Group 1","np":2,"cix":2,"bm":0,"ix":1,"mn":"ADBE Vector Group","hd":false}],"ip":0,"op":240,"st":0,"bm":0},{"ddd":0,"ind":6,"ty":4,"nm":"button 2","sr":1,"ks":{"o":{"a":0,"k":100,"ix":11},"r":{"a":0,"k":0,"ix":10},"p":{"a":0,"k":[500,500,0],"ix":2},"a":{"a":0,"k":[-2040,0,0],"ix":1},"s":{"a":0,"k":[106,106,100],"ix":6}},"ao":0,"shapes":[{"ty":"gr","it":[{"ind":0,"ty":"sh","ix":1,"ks":{"a":0,"k":{"i":[[3.85,0],[0,0],[0,3.85],[0,0],[-3.85,0],[0,0],[0,-3.85],[0,0]],"o":[[0,0],[-3.85,0],[0,0],[0,-3.85],[0,0],[3.85,0],[0,0],[0,3.85]],"v":[[-1797.368,102.5],[-2282.632,102.5],[-2289.632,95.5],[-2289.632,-95.5],[-2282.632,-102.5],[-1797.368,-102.5],[-1790.368,-95.5],[-1790.368,95.5]],"c":true},"ix":2},"nm":"Path 1","mn":"ADBE Vector Shape - Group","hd":false},{"ty":"tm","s":{"a":1,"k":[{"i":{"x":[0.833],"y":[0.833]},"o":{"x":[0.167],"y":[0.167]},"t":39,"s":[0]},{"t":52,"s":[100]}],"ix":1},"e":{"a":1,"k":[{"i":{"x":[0.833],"y":[0.833]},"o":{"x":[0.167],"y":[0.167]},"t":27,"s":[0]},{"t":40,"s":[100]}],"ix":2},"o":{"a":1,"k":[{"i":{"x":[0.833],"y":[0.833]},"o":{"x":[0.167],"y":[0.167]},"t":27,"s":[0]},{"t":52,"s":[360]}],"ix":3},"m":1,"ix":2,"nm":"Trim Paths 1","mn":"ADBE Vector Filter - Trim","hd":false},{"ty":"st","c":{"a":0,"k":[0.941176530427,0.337254901961,0.180392156863,1],"ix":3},"o":{"a":0,"k":100,"ix":4},"w":{"a":0,"k":9,"ix":5},"lc":2,"lj":1,"ml":4,"bm":0,"d":[{"n":"d","nm":"dash","v":{"a":0,"k":0,"ix":1}},{"n":"g","nm":"gap","v":{"a":0,"k":20,"ix":2}},{"n":"o","nm":"offset","v":{"a":0,"k":0,"ix":7}}],"nm":"Stroke 1","mn":"ADBE Vector Graphic - Stroke","hd":false},{"ty":"tr","p":{"a":0,"k":[0,0],"ix":2},"a":{"a":0,"k":[0,0],"ix":1},"s":{"a":0,"k":[100,100],"ix":3},"r":{"a":0,"k":0,"ix":6},"o":{"a":0,"k":100,"ix":7},"sk":{"a":0,"k":0,"ix":4},"sa":{"a":0,"k":0,"ix":5},"nm":"Transform"}],"nm":"Group 1","np":4,"cix":2,"bm":0,"ix":1,"mn":"ADBE Vector Group","hd":false}],"ip":0,"op":240,"st":0,"bm":0},{"ddd":0,"ind":7,"ty":4,"nm":"pink blob","sr":1,"ks":{"o":{"a":0,"k":100,"ix":11},"r":{"a":1,"k":[{"i":{"x":[0.833],"y":[1]},"o":{"x":[0.167],"y":[0]},"t":0,"s":[4]},{"i":{"x":[0.833],"y":[1]},"o":{"x":[0.167],"y":[0]},"t":37,"s":[27]},{"t":75,"s":[4]}],"ix":10},"p":{"a":0,"k":[265.504,435.394,0],"ix":2},"a":{"a":0,"k":[-2262.496,-68.606,0],"ix":1},"s":{"a":1,"k":[{"i":{"x":[0.442,0.442,0.442],"y":[1,1,1]},"o":{"x":[0.558,0.558,0.558],"y":[0,0,0]},"t":0,"s":[90,90,100]},{"i":{"x":[0.442,0.442,0.442],"y":[1,1,1]},"o":{"x":[0.558,0.558,0.558],"y":[0,0,0]},"t":37,"s":[100,100,100]},{"t":75,"s":[90,90,100]}],"ix":6}},"ao":0,"shapes":[{"ty":"gr","it":[{"ind":0,"ty":"sh","ix":1,"ks":{"a":0,"k":{"i":[[-10.555,-9.172],[-13.555,-5.11],[-7.874,-1.554],[-14.596,3.272],[-9.836,16.33],[0.511,14.237],[0.324,2.64],[-2.519,4.863],[1.197,15.338],[10.333,12.602],[23.942,1.318],[6.857,-0.997],[4.443,-1.608],[12.929,-10.601],[6.944,-20.538],[1.151,-10.762],[-2.972,-10.55]],"o":[[10.823,9.405],[7.424,2.799],[14.056,2.775],[19.151,-4.293],[7.574,-12.575],[-0.097,-2.697],[3.365,-4.366],[7.294,-14.084],[-1.297,-16.611],[-14.834,-18.091],[-6.872,-0.378],[-4.635,0.674],[-15.636,5.658],[-17.503,14.352],[-3.533,10.449],[-1.188,11.109],[3.73,13.241]],"v":[[-2339.774,9.371],[-2304.615,29.106],[-2281.567,35.38],[-2239.093,36.905],[-2192.857,1.703],[-2180.38,-40.346],[-2181.022,-48.352],[-2171.921,-62.034],[-2161.9,-104.994],[-2180.279,-147.675],[-2243.83,-175.734],[-2264.499,-173.911],[-2278.056,-170.548],[-2318.794,-147.466],[-2355.826,-91.68],[-2362.583,-59.405],[-2360.741,-25.801]],"c":true},"ix":2},"nm":"Path 1","mn":"ADBE Vector Shape - Group","hd":false},{"ty":"fl","c":{"a":0,"k":[1,0.945098042488,0.898039221764,1],"ix":4},"o":{"a":0,"k":100,"ix":5},"r":1,"bm":0,"nm":"Fill 1","mn":"ADBE Vector Graphic - Fill","hd":false},{"ty":"tr","p":{"a":0,"k":[0,0],"ix":2},"a":{"a":0,"k":[0,0],"ix":1},"s":{"a":0,"k":[100,100],"ix":3},"r":{"a":0,"k":0,"ix":6},"o":{"a":0,"k":100,"ix":7},"sk":{"a":0,"k":0,"ix":4},"sa":{"a":0,"k":0,"ix":5},"nm":"Transform"}],"nm":"Group 1","np":2,"cix":2,"bm":0,"ix":1,"mn":"ADBE Vector Group","hd":false}],"ip":0,"op":240,"st":0,"bm":0},{"ddd":0,"ind":8,"ty":3,"nm":"NULL CONTROL ","sr":1,"ks":{"o":{"a":0,"k":0,"ix":11},"r":{"a":0,"k":177,"ix":10},"p":{"a":0,"k":[341.505,578.089,0],"ix":2},"a":{"a":0,"k":[50,50,0],"ix":1},"s":{"a":0,"k":[100,100,100],"ix":6}},"ao":0,"ip":0,"op":240,"st":0,"bm":0},{"ddd":0,"ind":9,"ty":4,"nm":"u 2","parent":8,"sr":1,"ks":{"o":{"a":0,"k":100,"ix":11},"r":{"a":1,"k":[{"i":{"x":[0.491],"y":[1]},"o":{"x":[0.509],"y":[0]},"t":0,"s":[2]},{"i":{"x":[0.467],"y":[1]},"o":{"x":[0.509],"y":[0]},"t":40,"s":[45]},{"t":75,"s":[2]}],"ix":10},"p":{"a":0,"k":[50,50,0],"ix":2},"a":{"a":0,"k":[-1845.03,-56.749,0],"ix":1},"s":{"a":0,"k":[100,100,100],"ix":6}},"ao":0,"shapes":[{"ty":"gr","it":[{"ind":0,"ty":"sh","ix":1,"ks":{"a":0,"k":{"i":[[0,0],[-85.296,23.097],[0,0]],"o":[[0,0],[85.296,-23.097],[0,0]],"v":[[-1953.021,-181.462],[-1808.628,-59.237],[-1738,-234]],"c":false},"ix":2},"nm":"Path 1","mn":"ADBE Vector Shape - Group","hd":false},{"ty":"st","c":{"a":0,"k":[0.349019616842,0.494117647409,0.819607853889,1],"ix":3},"o":{"a":0,"k":100,"ix":4},"w":{"a":0,"k":39,"ix":5},"lc":1,"lj":1,"ml":10,"bm":0,"nm":"Stroke 1","mn":"ADBE Vector Graphic - Stroke","hd":false},{"ty":"tr","p":{"a":0,"k":[0,0],"ix":2},"a":{"a":0,"k":[0,0],"ix":1},"s":{"a":0,"k":[100,100],"ix":3},"r":{"a":0,"k":0,"ix":6},"o":{"a":0,"k":100,"ix":7},"sk":{"a":0,"k":0,"ix":4},"sa":{"a":0,"k":0,"ix":5},"nm":"Transform"}],"nm":"Group 1","np":2,"cix":2,"bm":0,"ix":1,"mn":"ADBE Vector Group","hd":false},{"ty":"tm","s":{"a":1,"k":[{"i":{"x":[0.833],"y":[0.833]},"o":{"x":[0.167],"y":[0.167]},"t":52,"s":[0]},{"t":72,"s":[100]}],"ix":1},"e":{"a":1,"k":[{"i":{"x":[0.833],"y":[0.833]},"o":{"x":[0.167],"y":[0.167]},"t":40,"s":[0]},{"t":63,"s":[100]}],"ix":2},"o":{"a":0,"k":0,"ix":3},"m":1,"ix":2,"nm":"Trim Paths 1","mn":"ADBE Vector Filter - Trim","hd":false}],"ip":0,"op":240,"st":0,"bm":0},{"ddd":0,"ind":10,"ty":4,"nm":"u","sr":1,"ks":{"o":{"a":0,"k":100,"ix":11},"r":{"a":1,"k":[{"i":{"x":[0.491],"y":[1]},"o":{"x":[0.509],"y":[0]},"t":0,"s":[2]},{"i":{"x":[0.467],"y":[1]},"o":{"x":[0.509],"y":[0]},"t":40,"s":[-30]},{"t":75,"s":[2]}],"ix":10},"p":{"a":0,"k":[676.505,409.089,0],"ix":2},"a":{"a":0,"k":[-1845.03,-56.749,0],"ix":1},"s":{"a":0,"k":[100,100,100],"ix":6}},"ao":0,"shapes":[{"ty":"gr","it":[{"ind":0,"ty":"sh","ix":1,"ks":{"a":0,"k":{"i":[[0,0],[-85.296,23.097],[0,0]],"o":[[0,0],[85.296,-23.097],[0,0]],"v":[[-1953.021,-181.462],[-1808.628,-59.237],[-1738,-234]],"c":false},"ix":2},"nm":"Path 1","mn":"ADBE Vector Shape - Group","hd":false},{"ty":"st","c":{"a":0,"k":[0.349019616842,0.494117647409,0.819607853889,1],"ix":3},"o":{"a":0,"k":100,"ix":4},"w":{"a":0,"k":39,"ix":5},"lc":1,"lj":1,"ml":10,"bm":0,"nm":"Stroke 1","mn":"ADBE Vector Graphic - Stroke","hd":false},{"ty":"tr","p":{"a":0,"k":[0,0],"ix":2},"a":{"a":0,"k":[0,0],"ix":1},"s":{"a":0,"k":[100,100],"ix":3},"r":{"a":0,"k":0,"ix":6},"o":{"a":0,"k":100,"ix":7},"sk":{"a":0,"k":0,"ix":4},"sa":{"a":0,"k":0,"ix":5},"nm":"Transform"}],"nm":"Group 1","np":2,"cix":2,"bm":0,"ix":1,"mn":"ADBE Vector Group","hd":false},{"ty":"tm","s":{"a":1,"k":[{"i":{"x":[0.833],"y":[0.833]},"o":{"x":[0.167],"y":[0.167]},"t":12,"s":[0]},{"t":40,"s":[100]}],"ix":1},"e":{"a":1,"k":[{"i":{"x":[0.833],"y":[0.833]},"o":{"x":[0.167],"y":[0.167]},"t":0,"s":[0]},{"t":23,"s":[100]}],"ix":2},"o":{"a":0,"k":0,"ix":3},"m":1,"ix":2,"nm":"Trim Paths 1","mn":"ADBE Vector Filter - Trim","hd":false}],"ip":0,"op":240,"st":0,"bm":0},{"ddd":0,"ind":11,"ty":4,"nm":"yellow blob","sr":1,"ks":{"o":{"a":0,"k":100,"ix":11},"r":{"a":0,"k":0,"ix":10},"p":{"a":1,"k":[{"i":{"x":0.965,"y":1},"o":{"x":0.035,"y":0},"t":0,"s":[670.261,516.368,0],"to":[0.239,-28.368,0],"ti":[1.887,-29.086,0]},{"i":{"x":0.965,"y":1},"o":{"x":0.035,"y":0},"t":38,"s":[713.794,516.368,0],"to":[-1.887,29.086,0],"ti":[-0.261,29.632,0]},{"t":75,"s":[670.261,516.368,0]}],"ix":2},"a":{"a":0,"k":[-1857.74,12.368,0],"ix":1},"s":{"a":0,"k":[100,100,100],"ix":6}},"ao":0,"shapes":[{"ty":"gr","it":[{"ind":0,"ty":"sh","ix":1,"ks":{"a":1,"k":[{"i":{"x":0.777,"y":1},"o":{"x":0.223,"y":0},"t":0,"s":[{"i":[[27.446,17.506],[16.16,10.052],[29.683,-6.073],[16.027,-24.443],[6.9,-20.868],[-3.773,-18.47],[-20.293,-8.765],[-17.671,1.505],[-20.407,9.661],[-21.669,6.911],[-2.347,17.47]],"o":[[-12.631,-8.056],[-26.087,-16.227],[-29.134,5.96],[-6.796,10.365],[-5.987,18.109],[5.219,25.546],[20.293,8.765],[22.512,-1.917],[14.354,-6.795],[21.669,-6.911],[4.382,-32.611]],"v":[[-1724.939,-56.574],[-1817.205,-112.801],[-1903.685,-126.471],[-1973.523,-76.468],[-2025.428,24.858],[-2027.401,80.891],[-1980.293,139.235],[-1882.645,153.556],[-1820.841,137.199],[-1730.669,87.911],[-1686.101,23.648]],"c":true}]},{"i":{"x":0.777,"y":1},"o":{"x":0.223,"y":0},"t":23,"s":[{"i":[[28.205,16.095],[20.842,4.302],[30.35,-10.558],[19.526,-22.806],[6.9,-20.868],[-3.773,-18.47],[-18.807,-10.984],[-24.232,4.485],[-17.658,16.707],[-21.669,6.91],[-2.198,26.097]],"o":[[-18.441,-9.846],[-27.353,-8.444],[-27.861,9.175],[-7.857,9.36],[-5.987,18.109],[5.219,25.546],[20.293,12.431],[22.261,-3.306],[13.031,-13.299],[21.669,-6.91],[3.401,-32.698]],"v":[[-1713.272,-80.241],[-1804.205,-122.468],[-1891.351,-117.804],[-1959.523,-71.134],[-2007.094,13.858],[-2009.401,69.558],[-1965.96,134.902],[-1857.978,164.889],[-1794.174,137.532],[-1727.003,71.911],[-1672.434,2.982]],"c":true}]},{"i":{"x":0.777,"y":1},"o":{"x":0.223,"y":0},"t":48,"s":[{"i":[[30.699,16.525],[31.868,-6.819],[30.089,-8.801],[28.455,-17.137],[6.9,-20.869],[-3.773,-18.47],[-19.389,-10.115],[-28.694,-1.768],[-25.913,11.933],[-10.214,23.322],[-2.257,22.717]],"o":[[-20.415,-12.618],[-31.927,3.629],[-28.36,7.915],[-16.12,10.541],[-5.987,18.109],[5.219,25.546],[20.293,10.995],[23.438,-0.654],[16.095,-8.772],[8.992,-25.333],[3.786,-32.664]],"v":[[-1728.917,-134.042],[-1832.891,-163.458],[-1900.999,-119.274],[-1973.193,-96.817],[-2024.87,-14.091],[-2030.417,50.887],[-1979.761,112.526],[-1871.327,147.63],[-1762.655,136.243],[-1704.725,70.629],[-1688.381,-29.847]],"c":true}]},{"t":75,"s":[{"i":[[27.446,17.506],[16.16,10.052],[29.683,-6.073],[16.027,-24.443],[6.9,-20.868],[-3.773,-18.47],[-20.293,-8.765],[-17.671,1.505],[-20.407,9.661],[-21.669,6.911],[-2.347,17.47]],"o":[[-12.631,-8.056],[-26.087,-16.227],[-29.134,5.96],[-6.796,10.365],[-5.987,18.109],[5.219,25.546],[20.293,8.765],[22.512,-1.917],[14.354,-6.795],[21.669,-6.911],[4.382,-32.611]],"v":[[-1724.939,-56.574],[-1817.205,-112.801],[-1903.685,-126.471],[-1973.523,-76.468],[-2025.428,24.858],[-2027.401,80.891],[-1980.293,139.235],[-1882.645,153.556],[-1820.841,137.199],[-1730.669,87.911],[-1686.101,23.648]],"c":true}]}],"ix":2},"nm":"Path 1","mn":"ADBE Vector Shape - Group","hd":false},{"ty":"fl","c":{"a":0,"k":[0.976470589638,0.905882358551,0.050980392843,1],"ix":4},"o":{"a":0,"k":100,"ix":5},"r":1,"bm":0,"nm":"Fill 1","mn":"ADBE Vector Graphic - Fill","hd":false},{"ty":"tr","p":{"a":0,"k":[0,0],"ix":2},"a":{"a":0,"k":[0,0],"ix":1},"s":{"a":0,"k":[100,100],"ix":3},"r":{"a":0,"k":0,"ix":6},"o":{"a":0,"k":100,"ix":7},"sk":{"a":0,"k":0,"ix":4},"sa":{"a":0,"k":0,"ix":5},"nm":"Transform"}],"nm":"Group 1","np":2,"cix":2,"bm":0,"ix":1,"mn":"ADBE Vector Group","hd":false}],"ip":0,"op":240,"st":0,"bm":0}],"markers":[],"chars":[{"ch":"O","size":72,"style":"Heavy","w":81.1,"data":{"shapes":[{"ty":"gr","it":[{"ind":0,"ty":"sh","ix":1,"ks":{"a":0,"k":{"i":[[1.783,4.517],[3.25,3.317],[4.566,1.884],[5.566,0],[4.566,-1.883],[3.266,-3.3],[1.783,-4.516],[0,-5.3],[-1.784,-4.533],[-3.267,-3.3],[-4.567,-1.883],[-5.567,0],[-4.567,1.884],[-3.25,3.3],[-1.784,4.534],[0,5.3]],"o":[[-1.784,-4.516],[-3.25,-3.316],[-4.567,-1.883],[-5.567,0],[-4.567,1.884],[-3.267,3.3],[-1.784,4.517],[0,5.3],[1.783,4.534],[3.266,3.3],[4.566,1.884],[5.566,0],[4.566,-1.883],[3.25,-3.3],[1.783,-4.533],[0,-5.266]],"v":[[75.025,-50.975],[67.475,-62.725],[55.75,-70.525],[40.55,-73.35],[25.35,-70.525],[13.6,-62.75],[6.025,-51.025],[3.35,-36.3],[6.025,-21.55],[13.6,-9.8],[25.35,-2.025],[40.55,0.8],[55.75,-2.025],[67.475,-9.8],[75.025,-21.55],[77.7,-36.3]],"c":true},"ix":2},"nm":"O","mn":"ADBE Vector Shape - Group","hd":false},{"ind":1,"ty":"sh","ix":2,"ks":{"a":0,"k":{"i":[[1,-3.016],[1.883,-2.1],[2.683,-1.116],[3.4,0],[2.7,1.117],[1.883,2.1],[1,3.017],[0,3.834],[-1,3.017],[-1.884,2.117],[-2.7,1.117],[-3.4,0],[-2.684,-1.116],[-1.884,-2.116],[-1,-3.016],[0,-3.8]],"o":[[-1,3.017],[-1.884,2.1],[-2.684,1.117],[-3.4,0],[-2.7,-1.116],[-1.884,-2.1],[-1,-3.016],[0,-3.8],[1,-3.016],[1.883,-2.116],[2.7,-1.116],[3.4,0],[2.683,1.117],[1.883,2.117],[1,3.017],[0,3.834]],"v":[[60.85,-26.025],[56.525,-18.35],[49.675,-13.525],[40.55,-11.85],[31.4,-13.525],[24.525,-18.35],[20.2,-26.025],[18.7,-36.3],[20.2,-46.525],[24.525,-54.225],[31.4,-59.075],[40.55,-60.75],[49.675,-59.075],[56.525,-54.225],[60.85,-46.525],[62.35,-36.3]],"c":true},"ix":2},"nm":"O","mn":"ADBE Vector Shape - Group","hd":false}],"nm":"O","np":5,"cix":2,"bm":0,"ix":1,"mn":"ADBE Vector Group","hd":false}]},"fFamily":"Lato"},{"ch":"R","size":72,"style":"Heavy","w":64.95,"data":{"shapes":[{"ty":"gr","it":[{"ind":0,"ty":"sh","ix":1,"ks":{"a":0,"k":{"i":[[0,0],[0,0],[0,0],[-2.284,-1.9],[0,-3.433],[0.533,-1.466],[1.133,-1.083],[1.766,-0.616],[2.433,0]],"o":[[0,0],[0,0],[4.666,0],[2.283,1.9],[0,1.734],[-0.534,1.467],[-1.134,1.084],[-1.767,0.617],[0,0]],"v":[[22.6,-38.2],[22.6,-61.15],[30.4,-61.15],[40.825,-58.3],[44.25,-50.3],[43.45,-45.5],[40.95,-41.675],[36.6,-39.125],[30.3,-38.2]],"c":true},"ix":2},"nm":"R","mn":"ADBE Vector Shape - Group","hd":false},{"ind":1,"ty":"sh","ix":2,"ks":{"a":0,"k":{"i":[[0,0],[0.833,0.75],[0.966,0.534],[-1.9,1.367],[-1.3,1.767],[-0.684,2.15],[0,2.4],[1.066,2.584],[2.3,1.867],[3.6,1.05],[5.066,0],[0,0],[0,0],[0,0],[0,0],[0,0],[-0.684,-0.4],[-0.567,-0.866],[0,0],[-2.534,0],[0,0]],"o":[[-0.667,-1.033],[-0.834,-0.75],[2.433,-0.833],[1.9,-1.366],[1.3,-1.766],[0.683,-2.15],[0,-3.1],[-1.067,-2.583],[-2.3,-1.866],[-3.6,-1.05],[0,0],[0,0],[0,0],[0,0],[0,0],[1.333,0],[0.683,0.4],[0,0],[1.133,1.934],[0,0],[0,0]],"v":[[48.55,-26.1],[46.3,-28.775],[43.6,-30.7],[50.1,-34],[54.9,-38.7],[57.875,-44.575],[58.9,-51.4],[57.3,-59.925],[52.25,-66.6],[43.4,-70.975],[30.4,-72.55],[7.6,-72.55],[7.6,0],[22.6,0],[22.6,-27.65],[27.7,-27.65],[30.725,-27.05],[32.6,-25.15],[46.4,-2.9],[51.9,0],[65.45,0]],"c":true},"ix":2},"nm":"R","mn":"ADBE Vector Shape - Group","hd":false}],"nm":"R","np":5,"cix":2,"bm":0,"ix":1,"mn":"ADBE Vector Group","hd":false}]},"fFamily":"Lato"},{"ch":"D","size":72,"style":"Heavy","w":76.1,"data":{"shapes":[{"ty":"gr","it":[{"ind":0,"ty":"sh","ix":1,"ks":{"a":0,"k":{"i":[[1.783,4.434],[3.25,3.217],[4.566,1.8],[5.566,0],[0,0],[0,0],[0,0],[-4.567,1.8],[-3.25,3.2],[-1.784,4.45],[0,5.3]],"o":[[-1.784,-4.433],[-3.25,-3.216],[-4.567,-1.8],[0,0],[0,0],[0,0],[5.566,0],[4.566,-1.8],[3.25,-3.2],[1.783,-4.45],[0,-5.266]],"v":[[69.975,-50.85],[62.425,-62.325],[50.7,-69.85],[35.5,-72.55],[7.6,-72.55],[7.6,0],[35.5,0],[50.7,-2.7],[62.425,-10.2],[69.975,-21.675],[72.65,-36.3]],"c":true},"ix":2},"nm":"D","mn":"ADBE Vector Shape - Group","hd":false},{"ind":1,"ty":"sh","ix":2,"ks":{"a":0,"k":{"i":[[1,-3.033],[1.866,-2.116],[2.683,-1.116],[3.4,0],[0,0],[0,0],[0,0],[-2.684,-1.133],[-1.867,-2.1],[-1,-3.033],[0,-3.8]],"o":[[-1,3.034],[-1.867,2.117],[-2.684,1.117],[0,0],[0,0],[0,0],[3.4,0],[2.683,1.134],[1.866,2.1],[1,3.034],[0,3.834]],"v":[[55.75,-26],[51.45,-18.275],[44.625,-13.425],[35.5,-11.75],[22.7,-11.75],[22.7,-60.8],[35.5,-60.8],[44.625,-59.1],[51.45,-54.25],[55.75,-46.55],[57.25,-36.3]],"c":true},"ix":2},"nm":"D","mn":"ADBE Vector Shape - Group","hd":false}],"nm":"D","np":5,"cix":2,"bm":0,"ix":1,"mn":"ADBE Vector Group","hd":false}]},"fFamily":"Lato"},{"ch":"E","size":72,"style":"Heavy","w":57.4,"data":{"shapes":[{"ty":"gr","it":[{"ind":0,"ty":"sh","ix":1,"ks":{"a":0,"k":{"i":[[0,0],[0,0],[0,0],[0,0],[0,0],[0,0],[0,0],[0,0],[0,0],[0,0],[0,0],[0,0]],"o":[[0,0],[0,0],[0,0],[0,0],[0,0],[0,0],[0,0],[0,0],[0,0],[0,0],[0,0],[0,0]],"v":[[53.8,-60.8],[53.8,-72.55],[7.6,-72.55],[7.6,0],[53.8,0],[53.8,-11.75],[22.7,-11.75],[22.7,-30.8],[46.9,-30.8],[46.9,-42.15],[22.7,-42.15],[22.7,-60.8]],"c":true},"ix":2},"nm":"E","mn":"ADBE Vector Shape - Group","hd":false}],"nm":"E","np":3,"cix":2,"bm":0,"ix":1,"mn":"ADBE Vector Group","hd":false}]},"fFamily":"Lato"}]}